username,success,ip,timestamp
admin,1,127.0.0.1,2026-01-15 00:00:00.270311
fddgfdhg,0,127.0.0.1,2026-01-15 00:11:36.682459
ahmed,0,127.0.0.1,2026-01-15 00:11:47.255958
saleh,0,127.0.0.1,2026-01-15 00:11:59.652939
saleh,0,127.0.0.1,2026-01-15 00:12:06.863863
saleh,0,127.0.0.1,2026-01-15 00:12:14.830353
saleh,0,127.0.0.1,2026-01-15 00:12:20.483620
saleh,0,127.0.0.1,2026-01-15 00:12:25.325543
saleh,0,127.0.0.1,2026-01-15 00:12:31.874173
talal,1,127.0.0.1,2026-01-15 06:59:53.487261
talal,0,127.0.0.1,2026-01-15 07:00:17.161093
talal,0,127.0.0.1,2026-01-15 07:00:25.225300
talal,0,127.0.0.1,2026-01-15 07:00:30.109620
talal,0,127.0.0.1,2026-01-15 07:00:36.216974
talal,0,127.0.0.1,2026-01-15 07:00:41.213679
talal,0,127.0.0.1,2026-01-15 07:06:14.350134
talal,0,127.0.0.1,2026-01-15 07:08:21.450635
admin,1,127.0.0.1,2026-01-15 07:08:27.134117
admin,0,127.0.0.1,2026-01-15 07:08:36.094768
admin,0,127.0.0.1,2026-01-15 07:08:40.876710
admin,0,127.0.0.1,2026-01-15 07:08:44.888173
admin,0,127.0.0.1,2026-01-15 07:08:48.643333
admin,0,127.0.0.1,2026-01-15 07:08:52.237560
admin,1,127.0.0.1,2026-01-15 07:12:50.880962
admin,1,127.0.0.1,2026-01-15 07:12:55.948660
admin,1,127.0.0.1,2026-01-15 08:19:16.596476
talal,1,127.0.0.1,2026-01-15 08:20:04.517007
admin,1,127.0.0.1,2026-01-15 08:20:17.110386
admin,0,127.0.0.1,2026-01-15 08:20:46.386964
admin,0,127.0.0.1,2026-01-15 08:20:49.639574
admin,0,127.0.0.1,2026-01-15 08:20:56.689029
admin,0,127.0.0.1,2026-01-15 08:21:01.112586
admin,0,127.0.0.1,2026-01-15 08:21:05.947574
admin,1,,2026-01-17 15:48:12.059590
ser,0,,2026-01-17 15:48:23.665323
admin,0,,2026-01-17 15:48:31.985390
admin,0,,2026-01-17 15:48:43.960042
admin,0,,2026-01-17 15:48:48.779795
admin,0,,2026-01-17 15:48:52.994183
admin,0,,2026-01-17 15:48:58.127532
admin,0,,2026-01-17 15:49:01.795956
admin,0,,2026-01-17 15:50:27.079726
admin,0,,2026-01-17 15:51:36.585170
admin,0,,2026-01-17 15:51:40.133880
admin,0,,2026-01-17 15:52:41.491064
admin,1,,2026-01-17 16:04:34.250757
admin,1,,2026-01-17 16:04:46.468143
admin,1,,2026-01-17 16:05:16.026141
qasem,1,,2026-01-17 16:06:08.398861
qasem,0,,2026-01-17 16:06:15.261958
qasem,0,,2026-01-17 16:06:21.181336
qasem,0,,2026-01-17 16:06:31.795574
qasem,0,,2026-01-17 16:06:36.248837
qasem,0,,2026-01-17 16:06:43.151281
qasem,0,,2026-01-17 16:06:47.182681
qasem,0,,2026-01-17 16:07:48.430827
qasem,0,,2026-01-17 16:08:35.683381
qasem,0,,2026-01-17 16:09:26.911347
qasem,0,,2026-01-17 16:10:33.568206
qasem,0,,2026-01-17 16:11:22.625557
qasem,0,,2026-01-17 16:11:26.947562
admin,1,,2026-01-17 16:11:51.730423
admin,1,,2026-01-17 16:21:35.476407
ahmed,1,,2026-01-17 16:22:19.544463
ahmed,0,,2026-01-17 16:22:27.014775
ahmed,0,,2026-01-17 16:22:30.850044
ahmed,0,,2026-01-17 16:22:33.751774
ahmed,1,,2026-01-17 16:23:45.205924
ahmed,0,,2026-01-17 16:23:52.488383
ahmed,0,,2026-01-17 16:23:53.375352
admin,0,,2026-01-17 16:24:07.432936
admin,0,,2026-01-17 16:24:10.344368
admin,0,,2026-01-17 16:24:10.977094
admin,0,,2026-01-17 16:26:00.702726
admin,1,,2026-01-17 16:26:05.160592
admin,1,,2026-01-18 10:07:24.021185
safa,1,,2026-01-18 10:08:06.970066
admin,0,,2026-01-18 10:08:18.648786
admin,0,,2026-01-18 10:08:22.498868
admin,0,,2026-01-18 10:08:25.155406
admin,0,,2026-01-18 10:09:29.982312
admin,0,,2026-01-18 10:09:35.566655
admin,0,,2026-01-18 10:09:36.227344
rtyu,0,,2026-01-18 10:09:53.414915
admin,1,,2026-01-18 22:13:35.198924
admin,1,,2026-01-18 22:13:55.200116
admin,0,,2026-01-18 22:14:03.563583
admin,0,,2026-01-18 22:14:07.237007
admin,0,,2026-01-18 22:14:09.724494
admin,0,,2026-01-18 22:15:30.975056
admin,0,,2026-01-18 22:15:40.626576
admin,0,,2026-01-18 22:15:43.058928
admin,1,,2026-01-18 22:50:54.791629
admin,0,,2026-01-18 22:56:01.810298
admin,0,,2026-01-18 22:56:06.957133
admin,0,,2026-01-18 22:56:30.754953
waled,1,,2026-01-18 23:00:02.196132
waled,0,,2026-01-18 23:00:20.774922
waled,0,,2026-01-18 23:00:35.645903
waled,0,,2026-01-18 23:00:38.476815
4th cybr,1,,2026-01-19 09:52:42.091529
4th cybr,0,,2026-01-19 09:52:55.009267
4th cybr,0,,2026-01-19 09:52:59.765956
4th cybr,0,,2026-01-19 09:53:02.601825
4th cybr,1,,2026-01-19 09:54:19.285583
